{"cameraMode":{"drawMode":0,"name":"Shaded","section":"Shading Mode"},"sceneLighting":true,"audioPlay":false,"sceneViewState":{"showFog":true,"showMaterialUpdate":false,"showSkybox":true,"showFlares":true,"showImageEffects":true,"showParticleSystems":true},"in2DMode":false,"pivot":{"x":579.178466796875,"y":-18.10186767578125,"z":959.7966918945313},"rotation":{"x":-0.2312835305929184,"y":-0.0072955177165567879,"z":0.0017343501094728709,"w":-0.9728575348854065},"size":2064.6728515625,"orthographic":false}